datetime,open,high,low,close,volume
2026-07-10T00:00:00+00:00,0.8076,0.81063,0.8047099999999999,0.8092699999999999,139460
2026-07-12T00:00:00+00:00,0.8064,0.81495,0.8064,0.81475,183422
2026-07-13T00:00:00+00:00,0.81475,0.81513,0.80602,0.80907,212892
2026-07-14T00:00:00+00:00,0.80907,0.81145,0.80337,0.80469,161077
2026-07-15T00:00:00+00:00,0.80469,0.80969,0.80383,0.80864,282492
2026-07-16T00:00:00+00:00,0.80864,0.80929,0.80602,0.80669,147578
2026-07-17T00:00:00+00:00,0.80669,0.80734,0.80407,0.80474,147578
2026-07-19T00:00:00+00:00,0.80798,0.81077,0.80612,0.80921,124063
2026-07-20T00:00:00+00:00,0.80921,0.81324,0.80906,0.81267,124975
2026-07-21T00:00:00+00:00,0.81267,0.81481,0.81132,0.81441,119950
2026-07-22T00:00:00+00:00,0.81441,0.818,0.81299,0.8167,309018
2026-07-23T00:00:00+00:00,0.8167,0.81856,0.81526,0.81776,132677
2026-07-24T00:00:00+00:00,0.81776,0.81962,0.81632,0.8188200000000001,132677
2026-07-26T00:00:00+00:00,0.81535,0.81939,0.81386,0.81843,144499
2026-07-27T00:00:00+00:00,0.81843,0.82051,0.81676,0.81863,112050
2026-07-28T00:00:00+00:00,0.81863,0.82069,0.8132199999999999,0.8132199999999999,204125
2026-07-29T00:00:00+00:00,0.8132199999999999,0.81746,0.80385,0.80494,506332
2026-07-30T00:00:00+00:00,0.80494,0.81289,0.80418,0.80679,269387
2026-07-31T00:00:00+00:00,0.80679,0.81021,0.80603,0.81021,94170
2026-08-02T00:00:00+00:00,0.80552,0.81152,0.80552,0.80986,191217
2026-08-03T00:00:00+00:00,0.80986,0.81062,0.80799,0.80893,169383
2026-08-04T00:00:00+00:00,0.80893,0.81014,0.80636,0.80709,163714
2026-08-05T00:00:00+00:00,0.80709,0.81356,0.80601,0.81155,128322
2026-08-06T00:00:00+00:00,0.81155,0.81292,0.80565,0.8076599999999999,142723
2026-08-09T00:00:00+00:00,0.80754,0.8104399999999999,0.80602,0.81019,126746
2026-08-10T00:00:00+00:00,0.81019,0.81207,0.80903,0.81013,107148
2026-08-11T00:00:00+00:00,0.81013,0.81395,0.80912,0.81294,135668
2026-08-12T00:00:00+00:00,0.81294,0.8147,0.8112199999999999,0.81396,251278
2026-08-13T00:00:00+00:00,0.81396,0.81442,0.81029,0.81257,133595
2026-08-16T00:00:00+00:00,0.81257,0.81354,0.80718,0.8107,140705
2026-08-17T00:00:00+00:00,0.8107,0.8130999999999999,0.80954,0.81201,125912
2026-08-18T00:00:00+00:00,0.81201,0.81281,0.79695,0.79725,215713
2026-08-19T00:00:00+00:00,0.79725,0.80097,0.79495,0.80027,213168
2026-08-20T00:00:00+00:00,0.80027,0.80206,0.79827,0.80105,163931
2026-08-23T00:00:00+00:00,0.80073,0.80299,0.79962,0.80229,156618
2026-08-24T00:00:00+00:00,0.80229,0.8041799999999999,0.8010999999999999,0.8027699999999999,67763
2026-08-25T00:00:00+00:00,0.8027699999999999,0.8027699999999999,0.8016699999999999,0.8025699999999999,1573
2026-08-26T00:00:00+00:00,0.8025699999999999,0.8025699999999999,0.8012499999999999,0.8023999999999999,14627
2026-08-27T00:00:00+00:00,0.8023999999999999,0.8080999999999999,0.80065,0.8073699999999999,151321
2026-08-30T00:00:00+00:00,0.80803,0.80984,0.80684,0.80833,133229
2026-08-31T00:00:00+00:00,0.80833,0.81247,0.80663,0.81156,147922
2026-09-01T00:00:00+00:00,0.81156,0.8132,0.81069,0.813,14632
